,wallet_addr
0,0x9c19503c62b533b690aa4928c0dd75d4c0b02590
1,0xf20349cc08ce0fd2f4d13b14346cbc000cdbc71e
2,0xc128170d8ae71d51dfabdccd1c0ff88444580597
3,0x229229284c0ea7c2a898765a5652fc03f0e35293
4,0xca0b60b9ce318bcc9e387abfeb22d98a9127c352
5,0xcfcce06af0ee209dfa340247199057fe619c98c9
6,0x03894d4ac41dd6c4c2f524ed4417c90fa46972c6
7,0x5fac362d5b177eab597d9da1998590f702704cfb
8,0xad615f88d4483b80dd415a0cf533c027d6ecde01
9,0x392966180ea6890ab35c99acbac2cb4e5340505d
10,0x525208dd0b56c27bd10703bd675fca0509a17154
11,0xc1ff85c123290878d8fa84bfd123b3c81909fe22
12,0xd874387ebb001a6b0bea98072f8de05f8965e51e
13,0x9c32c5cdf75777c05a9c5d28c6e893ac499e21b6
14,0x4ba245c3d3ee8509e7470fa86ef921ad4a8fcd58
15,0x2031cc88e566e08e7cbd0b8363d36a4141731503
16,0x6dd91bdab368282dc4ea4f4befc831b78a7c38c0
17,0x0e969f847f8f2dff9f6892fe834be92a1cc96f7a
18,0x2814c361bf1289cef2958db2fd9de154f37a8963
19,0x14ffae1d2804eaf261586a6378218eb5e7235066
20,0xc720aad5b91dc6661d3ea32ddea7e11003a0c12f
21,0x417345a1405e3286ed2a30e4393635e9e2db4149
22,0x4de67d3e4dbe226f216022c2f1c2ff80311a1d96
23,0x767a60f295aedd958932088f9cd6a4951d8739b6
24,0xc2573bde3304a7a27aa3da6b58cacd0bd744078d
25,0xf29a794d6f775004b78d74e9c141e5fc908e337d
26,0xcb630c28658d8b4f0509d628d8d947e6f95ea20a
27,0xd02bae47fd93325fd0cc3d660b73d8f93c4d7b5e
28,0x668fab5429f363f87c17b1d9f7eada702cadae1f
29,0x09819f59ae1905983254c21c68d8228a7c4c7396
30,0x3573b429a567ec7b1850825ae85930f34a7421b5
31,0xba2ef5189b762bd4c9e7f0b50fbbab65193935e8
32,0x88f5d29b88664371401b6786a01db137fc5fca61
33,0x712b66e27a6e57aa4254a3142e7e208571432d32
34,0xe0fda19799b5100192f2ba402cb9150adfc42501
35,0xf6459c66d232ec11f082ff3864be3a67461aba32
36,0x064145c2668c0c06df9a4d9878fdb8682f00eb69
37,0x416365993481e52e0472e7417656276d4e147a00
38,0x529408a6962bae6ca5328874d633738116b89b05
39,0x0362630a31ebc56d06db4606efb19f26f9703a66
40,0x9a3aa8a638f8e67ff73ce671ac49bc3d2eb69538
41,0x037dfd569defbc08ae28001159b4c49f6d006cff
42,0x327b9dee1830f8201efa751fd96f7b1ad0b300a1
43,0xeb9b8696d656a82feda75182e670b0ad21b4c3b8
44,0x6eba5b898e9e24c1fd0062025ed96fa751170ec4
45,0xc83c3b46d8e622b9c7b540872c6af8636ddc1d17
46,0xd31a84c20bc430ad75e6a1903e7ddbee52211072
47,0xcd22a3962a067472b335cf2564365c3034bc975b
48,0xa11e04460ec463211503a11ddb93a6248b174063
49,0x4bebbc16403627fd16facd2d9be0ba21afad7fd8
50,0xc136fcfb1667e5e882b94941efa104447f248560
51,0x1df2535cf0956abec21c4738534885d3849d6578
52,0x4a7dc0a1f68ecffd1588df798d95c95c8aa7efd9
53,0xe22cbcaa0324dfa1d83cb939239e11c306c9a03f
54,0x85162b355eee83ed8d29c3cada25b80ca86e80d1
55,0x09b25bd7d9b8de2914c8314a2e0059a6a8adeade
56,0x62d2301d9f749fa3fa63f31215426785b29b5807
57,0x9bb0c1adfc5b14ba25a906acdb7c438ba2103d9e
58,0x354044d39f1e31109ecab3407b99b2ad5ed6515d
59,0xe4c140a67a3a95913a6e2fcfc6d6434d94c07641
60,0xd861415f6703ab50ce101c7e6f6a80ada1fc2b1c
61,0xa80481e3f9098602954b2e5cf306e6dee053ef3e
62,0x3a63717548f60eec71bfe86eec55cb1ba1f554ab
63,0x2bdab32fc7285ea127cd72046d7a0f9c5bf0dcbc
64,0xf9ebfe2b0c205c437214a714a28903859349cede
65,0x33231c4171e4d6a864c05b6db61467ec2424efa5
66,0x69cd43dd4ecf3a076b1b9d2cfd41589987129bc0
67,0xa7e5a837382c4b2a484bd2afadc8b5a5f6d74e87
68,0x605dc1310d888af6b4c5ddd0c42e63af317966f6
69,0xab43c10ab9c613eb2f7f0282ccfafd36969e9502
70,0x0e170a52628cd836059f5f2e6ffb5c1230e10266
71,0xc3d9cad1b5233cb4261b27dfcd68bd9af8ff0191
72,0xd8de315eb7a00f4155d1ea9eb4eb6888ae715631
73,0x5a0dc15c9ececeded97c7b1121461edc623a0349
74,0x1f44bcd464fa5bffa4b759e605efa18bb313bf35
75,0xcd133d337ead9c2ac799ec7524a1e0f8aa30c3b1
76,0x059b254553bb97ca61a99c2bbdbefb594aa94365
77,0x4b771e3421d4fbecc6eb67a26af77aca85ef2ac3
78,0x6fe0e8bdac611e9df3334cdae26062ba621c434e
79,0xdb9e342f5be190dbcdb598cbf340fa044bf54169
80,0xfb702e95fa231c5509487a9e99156003985fdb9e
81,0x4c2bad6ded85c73dec25930c4d88d72a93512eff
82,0xcdf18eda56c2526fa50af04bc4eca9cb4ce68c39
83,0x5a641c6fd5a473395355816ebc757b067ccaabe5
84,0x6f9d64f3b2278ad359a5e84c4da388f5de0b196a
85,0x91b68339914a29c017f9e5c8b2e1739306152fb9
86,0x3b138fc7ec06b2a44565994cfde5134a75915995
87,0x458219485fd43d9e62dde453f854cede0afb5913
88,0xab88ac3af5c9aeb1a1a2043495374568eb439244
89,0xf321476841e1d6eb93a3452fbfb987429b337b50
90,0x4aa24d7dd60760d672b8cbc07b4bc409b4338488
91,0xf68e63b08906c7709a870de9f2d0392986df6dee
92,0x3996769bd6bf1f7380895bc969302804b3d3125b
93,0xcfcdcde4d1c654ed980b4b3f6ff782194b3aa666
94,0xc278f218fb0c1373a38ad10733f1126a47f8dd24
95,0x5d9531fb853e28ef034af3d2ce01e14011a73129
96,0x64999e50e728120a6bccea4db5b337c89e33bc2f
97,0xb8e7dd27d5c3f8f27856adb67953d72bad26d0c4
98,0xb5f7220949635edcb7a0c149df197a748e3d2983
99,0x9c57027b1eca93093a6f446422c59c85a5a3fa52
100,0x2e5300eabf71950b00ddd6a59690cfd8852ad3b9
101,0x000000000000000000000000000000000000dead
102,0x9ada95ce2a188c51824ef76dd49850330af7545f
103,0x1e55d5c09beb9f97e55809e5a9a00f209fdf3671
104,0xc54a6c3778016b06cbd126ccc3b5bc06c5f666fb
105,0xeeb5a54551f79b546e8babccade66ba3c9440efc
106,0x8136efbaf75d7b13f033573666f393d65da35953
107,0x409013faa477e7d6afb3a17673c8dd6b89c515ef
108,0x95c00d2cf32edba4cfec2ef6086829942aad70a0
109,0xbdbc9751d73f29cfddb285eba08ffdb7b3395dfe
110,0xd0e80683d9799516363401c18764340d5ef74edd
111,0x55ec1462c9a801acddfee9fe2b87d024cb63ac3d
112,0xb19f6698d63d51cfa0d6eb4490ca83fcd640f462
113,0x4c180815019dda1796a24dec2e0b1664c9b929d2
114,0xdd32231c664f6e3456e81ec6c27c6f429c7dc3b3
115,0x4a40eb870dcf533d4dc097c3d87aafe9f64490a1
116,0xe92bc099698687f7a32cd68577611b1beae5d401
117,0x20316e8a4818326a504bbbf96d476d6c94b1c4b2
118,0xe132350a0369b84d0e80f1987b83dd14c1367648
119,0xa904a0f8b4f0292785ad610dae1084a916142a77
120,0x7d51b2a317087c1bf8e66a1a4d3d1c5d289e25f2
121,0xe8e83ddfc373bbbd22edf5a80a30ec7ded8f2b47
122,0xdfe89caf65862c5b46fa22e8fa2296e05bfcbf94
123,0x15fab1cc5262d69853b1196f74d38c7fc96fc6d7
124,0xa297a06221ab3c846354e7fb1b37eb5da06bda21
125,0x34f2ac0dd90b768b382e981e50312333a7a1a69d
126,0xb5611a2ffc654d3f3410341a325dd126e7f803b7
127,0x5313d0e9f973b022ec132d1e7a332a7c62f85616
128,0xf9f41c487fd784e0cf7522206a2aeb4fe7b34b9c
129,0x4e239b011f5ae87a47a075562cca78d0b7170677
130,0xa0313907508e59550b0d7a48d9a2e36cec22da39
131,0xc7cc9e84268d96edadfdac3316f2d8051cf47c70
132,0x1d11e78148849200f3e937f31e8a9f66433e69f8
133,0x5999865518c9de250b820762130ff7a7119a4558
134,0xbed050c15224a53a12815fa79f2b1ef431887eb2
135,0x0cce50b9c0a19b29633142f37b941751e513b91a
136,0xdb34edc8c96608c64126600e0470d65173e9e741
137,0xd5b184c12577ae6a49d8a3dd77cae0c553bdf688
138,0x7ff7c8a4b74a5da6e8d1a8d1991d9a8cbd6c4335
139,0x5c1a3e4ed59b56aee3cdacac49ffd1f743e1c6b3
140,0xfb05731147b028635c66ad27b526b2e5dd61b588
141,0x6b174b2f42dae970fed64cfa61cd0b993d59ef66
142,0xcafd650401708ca4f65a22340d07f78e18f8c332
143,0x7612f69dc2e87868641c6892337809643fb5ccdb
144,0x3731696c9b5098beacf8dd03ac00c30bba979806
145,0xddd54d4d71ff9ad625d8e90dc6ddeafeeb5632ba
146,0xd589a999b7f71365939bc2a96249e2b9ea315685
147,0x674c4cfd1f7bc9806c8e716991ff3973295e442a
148,0xbe9e265c78a22e31d6a41fc2710d9590ed2d5a96
149,0x696d181a7961ee66c42f1ebeddc0b48b106c45ad
150,0x5550d9f1d786f5e0f32470d8f333181930e4b55c
151,0x54e4a00695b820052c2cbc21d26e07abf3d55e49
152,0x42d316754ac5d7a0049ec27589f89cfe73e58abd
153,0xee182703689a1055d2db0f97d5c48bf6f14d1b4c
154,0x19d50766c78a75f80bf2bd33b51e9baa26882a6f
155,0x72d6960aae3c90e2de304f6fb89263a7fcca14bb
156,0x08e0f0de1e81051826464043e7ae513457b27a86
157,0xc4676e5e99b823e54b3e6c32c8143bb441633eea
158,0x00ad3d4cc099be937879451698c673cbd5c3cefc
159,0xa5db44e5002d9558a04337f50f9212d5ce715a8a
160,0xd1d645a20f8a6cde202aed2b19e29da160524548
161,0x5f40324ed97badd9079e67e162c83b1fb9168a12
162,0x2dcf3613f8b28c8ac645f58bd1d8ee1c539306a0
163,0x45a5f6c9372ef4644f5c45dab0b1a7619f4cf981
164,0xb3cc5f223b795d17e0dd6f3daff06c13f47354e4
165,0xd2e44e40b5fb960a8a74dd7b9d6b7f14b805b50d
166,0xd7169d72187c58461085883727dbb2bdcea71295
167,0xddf4cf756da18912735792ddace8f58ae458b49a
168,0xda15a089ce396c50fdc1c01afdb97c90ca9b0e68
169,0xe6c55b0af75151960005eabae3fe19528c1b131b
170,0x509aaf71f59b61f6e2184f8c2db7da0bacf6d53a
171,0x04b6ea5a19b8945eddc4a141408ec34c2a55a34e
172,0x6cb37d07f9314d47e81a8eb4447120e7521f9dea
173,0x1d8446dee1067775a6f7e875a19c4dcebd44fb0e
174,0x17dfd18987b6b131686fea478600b75d11193335
175,0x6c2693f5a936f37ed03cfa8465bf2d8beff19a0f
176,0xcb0840f361e8f669072720a1eee727045f00c2a2
177,0xda2f80295cf2252c58c8a4b9584931e911aaa04e
178,0x1f14c2f40400471fb4a3aef1390f6bbbf2ad8f99
179,0x4a343860b1a27137bbf4fd0ab3342ddb801df4f6
180,0x73064f6c1c5dad8d917782aec16ab564feb3c011
181,0x3e149289fca31001acd7b0b226fc050111b52cdc
182,0x331e5d9c3f48a73a46ad73c4d998c182a7f461e6
183,0x249de01f2dcdf1b679c4efd88524ee93a01a1cdf
184,0xc47145a82f21c5bb731e0dd419a668a5014a7037
185,0xc513f38b2a6457e75c6de1f95b60f9f318a34ed4
186,0x49e14a6ad7d66906f2c82120de6e2ea75cd132df
187,0x37a47da4cc880529ed7fb5dff79bd62f384ea16c
188,0x836408140fe2a88284d7046cd59348b94cb7aab4
189,0x89768ca7e116d7971519af950dbbdf6e80b9ded1
190,0x8752a7aea7bad6087871e441a5b4c3952f2f3a77
191,0xafb09abad57a073d847c64dfc2fb2593f94c5562
192,0xf851ce56caec96c0dff74173afc15966a0070b8c
193,0x435b7d470767cb121f37dd296b2ac7913fdf5427
194,0x83bce70f3b8612b6c2d5ce5452d864c78e421cec
195,0x37b3805388479f7b47940b8c190c9e32efd82fb5
196,0xaf834baf38edc1b218f7484fd6f889635df0b0b1
197,0xe2c1a36f6d39f3d1698078e6579fcabb779b5a32
198,0x7ad44b5483987e482a6400f2250eb742aa20f6bb
199,0xcba72b232baa38696ef4b64446eab0d7af2c0783
200,0x6a1b4bb4fcb92471ec87ff617a9200a96eecca11
201,0xf997558ae6ab4e5b7df35b6686becf512a50202c
202,0xfacc5d45cf8ba8d12685858a67c42312c2ec3f2f
203,0x1adcbcc69d99e4e89876b06fab865043fc6b8f1e
204,0xd553294b42bdfeb49d8f5a64e8b2d3a65fc673a9
205,0xfc93c3010ea5668c1b6900a9fe87168b63dec145
206,0x76d2ddce6b781e66c4b184c82fbf4f94346cfb0d
207,0xbdcad8330c9b6687e80dcc7fa16343a6bfbef119
208,0x74b7e6d4336df8038a44393cac5b7ac53fd75c7a
209,0x21c8dc59f2e9a11c4c1a0c310641968132c6b1be
210,0xeba6120492c505b6211caff86c7757d1df58e8a7
211,0xab6f255dac71103ea6d57b320eaf0eec901b05aa
212,0xb2be6d8e872c7b08085d9dce6afcbd0286c75b0a
213,0xb231bb67cf759febd33b1185469c7808e26f1e5c
214,0x831e8e37ae66636193d070d37bc601d1f30fe0b9
215,0xb6f410ae7c9d68aadf6a615a3ec8b540e91e95d1
216,0xc58eb5d56cdfd4ab3ed81d3c8df3522d232d064a
217,0xae69a6a995eeb7b7b0349359ef29aa51548869bd
218,0x1f917ee189d9c3d745b1493820bd6247ba59a2eb
219,0xc1c515f7a74b5667bc1b65b2f74f46b3d49bc641
220,0x25e6d7b6a6dbff4e9775f0988c4125ec1a65681d
221,0x988b900351793ec60ce4d244988a8e3416932648
222,0x8310d41dae94387253805312029b2e01c7398058
223,0x439fc347a360d0c9fda70f9f4f2558b78c5f27ab
224,0x0a256324b1d9fb59d4c490d93c8d5555f2fe4c7a
225,0x0a75bbab42b8b2ed6a8cebf7fa4070f0cfd6105e
226,0x7ccad45fcbbaecd43f960c5af4e82ed2a0021d7c
227,0x700a023f22c4a4fbfdeed3d00b951ef8ea932be1
228,0x13b91b3ff58886ace7637e547c53bbc2936d803f
229,0xf25a3f868ac8ffb7dc9d10efa7384f7bc8b8c1d2
230,0xd5102725cc00421854dd616a2d8769ce36017315
231,0xd978f6ae3377c1a2bd74741ada0398b7fe16ba01
232,0x7f7bac92aa3e28351f9e89535ca334e8a44542d0
233,0x125ad150043f25a8c0a09c8b82ac2a26eaac1400
234,0xa1efa0adecb7f5691605899d13285928ae025844
235,0xe6d178cfe2b5b8be0bd6d124cbf04304c4d0da45
236,0xebb8f70d40d62864eab334c66bb5b88ce558054f
237,0xaf4858ba6edaf0c2121051c361ec8c898606185c
238,0xe16cabb4c4416829985913610b9d8723ba549f3d
239,0xfb8e459eb57271c1bbbe502d6d287cac9603777a
240,0xfe22a36fbfb8f797e5b39c061d522adc8577c1f6
241,0x6b3de22ec227d168dfaee06f1fc629b49eb73e60
242,0xe7661cd7988c3a3f7b417ae10cbb7aff525ad921
243,0xd2a78bb82389d30075144d17e782964918999f7f
244,0x1ccb144b700ec726d37db38c617e154de6d9c0d0
245,0xd776a6375d47dce774976051cd8ac039a7f0b5f8
246,0x423f34958977288b33607ee8a2d6556c0b78231c
247,0x5bc2852feb943b4a43fa87b275f44b45c4ca527f
248,0x6bca0043ae22cf51135024dd4f41f8d75c97d0b2
249,0x26fcbd3afebbe28d0a8684f790c48368d21665b5
250,0x1684c382352fa8992e2d12264b08cbfd8e06b7b1
251,0x976fdc5dfa145e3cbc690e9fef4a408642732952
252,0xf8219bd4d474a8ed9e4041d6cae01467f3ee1e56
253,0x012430f934bc381d9f59a28ea34363bce170353d
254,0x9c5c7872ecc89ea93ebd415cba40ce33e6664c7e
255,0x575331f3daad217b2b2e8aed380dbc0d9a76c6a1
256,0xc85fcc44005a1d24142c6b347a0256b5e9306c10
257,0x2a381a41627de73c9285de8f5b74791ad18bd292
258,0x49d29b200a9f8929d1e368a00097372e41794399
259,0x4c55c41bd839b3552fb2abecacfdf4a5d2879cb9
260,0x73beaa2dd24ada65df6da284729558afdd8105ba
261,0xbbd100aae485cc7b65163b561d8bef1c63b0136d
262,0x269e07eac18b3681f3447263c28a766457ff074b
263,0x63a556c75443b176b5a4078e929e38beb37a1ff2
264,0x71459fc378347a33fd00712d3ce6ded7ac6059bb
265,0x3d5fe39342e661776bb5273521f52e99b624288c
266,0xef8c41b482b0b3114218434fcec8e97d3a67d91a
267,0xc120ab7977bdda3b57f191dbf41a1af7da794baa
268,0x7030392f0f06f7c47eaf650bc6575dbafcb39098
269,0x7bcd299eaca62673f838dee3b81f7294a28d352d
270,0xc2af4c1285fc09d8b50239139c1344aedec05a29
271,0x49cda2b8a28345388e499ee94b9abd75dac5d9e3
272,0x515fad9044494cd323b211c2f1eec80c1098f4f2
273,0xf2e4c723fe7ff7eed50bfda9fe5b8d0bb7d7babf
274,0x42f4fb4a30cbc8b38490991188e5f020ec3f9fd6
275,0x710afef4052c2820059d13eb7ddc14700931cfe1
276,0xfe7452ab30e8c16ff6e7da87c06551c3c7d198de
277,0xb870b0f8256b68a741ec22f9649fea0acef4c7eb
278,0x8358e0f54179ec00736411244489c60c0c14436b
279,0xaed5ef0aa3d1461946257d9198475a8aced910d0
280,0x25d9d6f36fb3773b98284624e2a58c0cb3c98cd4
281,0xb689490f72d1bd3dc86c65e1c9a53fbd35c2c0a3
282,0x82abe0456afbd32abf1f0c5add8c4199dc4a3bc3
283,0xfc46a7673e85f591337e50c260e184d8fd316a82
284,0x7cc696a7734f459d55d1b4d716b1f56416f0c21f
285,0x6e45310b69908a7490ebdbb66601462c8da6e46a
286,0xcc372ad880f1ef941f647ff38b723fb546ccf1a9
287,0x0cc328cf6cc170b864545e79d126ce8a860ab3f9
288,0x9f9ebce72c0715cdbad4d589986eb22f6782a1ce
289,0x305e00c5d9c5502b0a08f81e044fa0dd2b52ad0c
290,0x11c74ea53003c8b495c76c8ce625b9680bcdb2e0
291,0x9b2b78003e469a342977e0a078f6aef88077acd9
292,0x33f6ee932cea603fafd6854827259be172c91da4
293,0x9562ef91f565b1d4baa96476a6fcf8e49f3495a0
294,0x294388d7f62065784666f797ca6919a4b8cef4ab
295,0xb6c86df56d0a5c574658bf2831d8dda94e6fee58
296,0xb3c04cd71ca30d81c77f38f365453b89cf53a0e9
297,0x8410373df6e9b20765c9599c26d585b2cd0ef628
298,0xa14f6577746f9fdc4aaba510796e4d617350ebe6
299,0xcea0f9790486f268ba6e3e850ae21a8d9db9d177
300,0xa2b31a9e5d89026abe81cfa6751bbe42be2bfe3f
301,0x500e5eb0cf12736f237604bb90ee996a24def620
302,0x2bea747b449f3afd213796625b76803d56e6163c
303,0x28ad8e41f950568c6eb15e8426c9760b80becafe
304,0xa0b6253d7787ae282749b71fd4ef5d5c9d8a9e87
305,0x8dd0f1c1bdef8e2c180df44d348db44494c54ea7
306,0x1d60c34f508bbbd7f1cb50b375c4cdd25e718d1c
307,0x21d942179d0f5dade65cb225e4b1aec40167a8cf
308,0x700996c10aa31f0ff0589cef450e226e66d3f977
309,0x78b8a76bea31733777556033e2a116df66c4c41c
310,0x088116a903b1546e011bde600f721da794240f80
311,0xbd1187af7b213694b6abf2ed86666066faedb168
312,0xd6caa8927c2c12c60631e57ab364bd3d01c273d2
313,0xdc877a64812887ad8aa4e53f5e0f7c2bdd62f53e
314,0xe20ed85154cb685217fcbb67d8cf768b1449882f
315,0x2bc05ae76e47849692b6ba5fc39e7bf07d6dc750
316,0xe84b0443b8341d9c215a150ff208c0ce5d2d9a74
317,0x1c8915f70850873a03df2d6cdba71b226bcdfeb3
318,0xb8cebb8bd64b10ffd2208678bbdd2673e6582243
319,0x20bbbe7873ef64d8cc84ff65dff9ae3aab72f7b7
320,0xa72945c86efeb5f357663a21bb1979a0934809ac
321,0x0b038eb06cb616ec3d6426d12dd6a9c191baa157
322,0x642d38840ebfda55911f83b1cf8b5fcb1d5fce36
323,0x9e9bbd60b1f2a177d11280636ffe4892a89a5912
324,0xcce0e1ab3ad9a9935a8b6814a337afe96b87b759
325,0x0229a3d4fab214ac8ae4fe6a5bb1b7279592ac9d
326,0xa55edee4c007c31112674350800d95614ee69814
327,0xa97276772e9a8d5408421d60c2749c68c2e2fc3a
328,0x18d79f84dd184f25f241ffdc0e111d2b5c62e5e9
329,0x1f803cc4fc6f21ce00f0c5f5932c9800045d25f0
330,0xd5d730a0cff08294473e54d0567f132005517050
331,0x95f50cf888dfec90321dc376c1e695f15b081595
332,0x5c3a9dbcfda0dadb8585ee2ef2f9a4b074d3e625
333,0x95b9f2f528338b0cdb3f14442837b0e7f05dceec
334,0x2343c228d0d4974e0827db3ab07572979f26c09e
335,0x8149dc18d39fdba137e43c871e7801e7cf566d41
336,0xc7fcae1e32c6e2dca1403ddb4aac71c29905968b
337,0x14fca733f9283caaa6d0f2294239ff379b29fd0a
338,0x6d0c7c6c4ed61a3c599e9b8a37aa38aeb78cb259
339,0xb512f6eda8d66092c5ab1d6c5ec718970e064683
340,0x5a45fa1d4ffc1428dc50f9df6fd1643f1012a39d
341,0x980e2bf8368b26e070d12438c3ce9ab8cac60c65
342,0x8a93261b687094a686a3c0f94c23963826d9dce3
343,0x191bed220e2cbf7f42e917e0ed370d9880e640df
344,0x501783e585936116220b5028c4c22dc9fdb991bc
345,0xeb4e3b117d9a1de8d1f58056a4d76d398c72bb27
346,0xa495893ceb72ae222d1e34d2dc1872b83c47d5fa
347,0xd98b82b293ac589219ed9074b228c20e63c481f6
348,0x16b00db74167b7469dda63b674ca9a3b1b70c439
349,0x8f1ca5ff845ad2b2527686bc62c3145b92331531
350,0x2cced186c0b172443884b0dae52695e847ee010d
351,0x31b48d410003ab480bd66398f6e0712c55e11587
352,0x7242eae4a7b72d60d55019234c39a6a138b12ddb
353,0x6d3db011d2361b3d29179c5c33ac693fec9042c4
354,0x8cb71cec028ccb62a88a89364884d1df5c0c5273
355,0x9d07e3406d3e7ec5e19b6804f6f821f684c9339c
356,0x3343ed20633adb80c8861d9f528dfbe3c8b7269f
357,0xce575de2c04618511ce3e984b9b2655aa6385231
358,0x2a92195a610f21f8da1801ff9756aaa11319ef68
359,0x8aae84404661e3c015284b20b74c7a62ed29907e
360,0xfb1d2eba21b0b58523f36041348c0a2e6c830eb5
361,0x07a1f6fc89223c5ebd4e4ddae89ac97629856a0f
362,0x085615470862b4b9f01589dbe005d67394c89ebe
363,0x478c9bef4702ca6758f3ed760a51677f74813df5
364,0xd9220628480f074fe8d1d9a493c0369e6c4fef0a
365,0xfab534cf6e83143ec4ed0fce65554aa09478a8c6
366,0x57987a50186a9615ba8f7be757c0711942baa60e
367,0x576eb27cbf54518d3de5a38ea7746ef6a9b8b5e6
368,0xdca688b9693a0d2f98f4a9e89b978978005b6570
369,0x1c956943024dd561ad820a75ac374922d21dbcda
370,0xb038113e920a67d79fb00103b163a571dea096fa
371,0x3679aa1e48eb60bc1cabfb5241b0ccab8747520c
372,0xaca4bd77e459b9898a0de9ad7c1cac34ff540d0b
373,0xe3ede2fc1e9192d8b9d82b8da35b711925bcf133
374,0x69528c13dcb9d6d5bcb68fd77f8d5498f841ffe4
375,0x939780173b5d00b026a116dbdfe7b9f6f056be9c
376,0x71ec1f58656b583f14aa2d7c628aea8f4e1c1cd4
377,0xf74709b52c0e108ecfe56fa364175a779d3c059a
378,0x3f3b9b0f14def5817a61437ccb25ccbbd4853ffd
379,0xdb652e20a08c84d5c2995933c77ea96789538bc5
380,0xbcaf219ba7c5299892b074d69398564dfdfe79f3
381,0xb157ba30e3467ddbc844f14f02b4ba741f1d549f
382,0x3d3907f28cae7b1f138a42291339206ac50b3d90
383,0x8ddc56c77efd64ce592e684a9361fe52b99e9b50
384,0x4f27ee7ad5ef8d881f62511a36a245e99eaed800
385,0x4953b5f3980f0fe8584f84c9a1ad93013ebe29c6
386,0x6058f8e21d7d736b574e80c2b57e73fdf360bae0
387,0x256c41d22fe0cbba38764f32e8bfdfca85ee3b55
388,0xed2902f7c43c45e8348cbbe2fc438c6aa7cd2850
389,0xda5b7f6d7c32dbc04e3ea7e0e9b1eed6342275b1
390,0x171c8be8b92674f7d7b0593aca4619a25a40b6f0
391,0xe9a20e2a6e4b3bfbbb108f0c105623a3ee665883
392,0xf656970a1994c211acda565b8fa85f045aca3e4d
393,0xc413c9b56a787484ae3d603dd614d7d444f443bc
394,0xaf88097460d0ba2a99c04deb30e05ff21e0dd246
395,0x0150d9b5ed9de91c360d758c06a5d2a0058be228
396,0x513aedace44cc9a0724ca276a8ceeee950903576
397,0x23abad8c65a9a93abcc343892aaf3d6e88b5ccc9
398,0x3bd5e344ac629c9f232f921bafdeeec312deac9b
399,0x1c9dbe29e81614a3ddee7709117e53cb5ba6e9b8
400,0xeb50840cdecb7df40fa9fdb435922071865b65be
401,0x3b5ae898d1146a6c6b29bddb725ab84f872c4980
402,0x939696e968998cf5b74d64ce4abcc822d8b1b77f
403,0x6e953848958a8f436d2a88f05c83ea27dc5586ff
404,0xa5b0c665e95545604f0a1dd0e3ecd857a9c2d2c9
405,0x8036c27fab2691804b28b9f47239e64c15e249bf
406,0x4d8cf112ca356b50af315522ebcecea1bb90232c
407,0x5e014aa0649102e07c074f498845f01bcd520317
408,0xc6dc5409a9d87ce19c563bf6ec005ac2bfc33b89
409,0x758597a5671231211ed2dd13075c2f66cfaf4a9f
410,0x49b7e64561776a1a0d44819e4cd4c14e843597a3
411,0xc96e67f8e69776cd9e3fa3c09ae14bfb517127dd
412,0xa0b1fcad509241b60b4c0b8500fcffbc5fb2ac9f
413,0x8fc129eb204f8e4ca740389c279cbb3c89a7cc9b
414,0xbd23497f0bff23fbeea70cd14d923ed08c5e480f
415,0xa9b88d39575ffcf1bbf14aea23c7810b8f502e08
416,0x8cb520a7ce539d9a6cafd261a61a8a4ec171dbd4
417,0xae74399237e02458aa42283e7c3ef2929ad4896c
418,0x355c1cf73c2c1d0193b0dac92863d5f254a3e83d
419,0x08b877349bbe3d14e83fef90e3b6774995b545f6
420,0xfb1626c0311392c62723d06fd3c9160404da0f33
421,0x48b211039586619b04cfb3b040cdd12165e3a9cf
422,0xdc8971eea5228d0af229cc1a73cafcd7b25573da
423,0xef65f6cc8acd21cf16812dcbbfcbcbb3566b1b9e
424,0xcbd1cb6377f079fe79d7aa4e6f5f0859735bf281
425,0xda24ee2c4b4b1ea69de3aa9c820438c7069d7d83
426,0xc47ab25d9ac126c2539fb1a1066d4f6aa8ad1c1f
427,0x6c708dbad5c0383d34334c6c6eeebc6732b1a4f0
428,0x2d3b1331fdd020c9e92c6d6d149124b421eef053
429,0x0fff2581b33bedaaa59ffc83c375471633065653
430,0xdf55bbe2e152e55644c531ecf8697752bccdb0c0
431,0x5ca0f638674eb60b1a4f07d9abb502af8ef187fb
432,0xe2aa5905e9ef013b0af92214068f201390ba0974
433,0x9c2731b4a9adae8b65402e7036318a607496db45
434,0x014607f2d6477badd9d74bf2c5d6356e29a9b957
435,0xec4a914814710b5a842320a2124e03b2fb87a6e3
436,0x7763d4ce482c35b59aa0fc48ae2eabd00f60b82e
437,0x8c69f8d2f360d0bd12cb73b92e90a380e32987bb
438,0x02ffb9b4bbc29f9a59b20c541d369c5add62a5a3
439,0xfc64410a03b205b995a9101f99a55026d8f1f1da
440,0xf74e806568a1b7e3ec604bbff7191a839f94cb5f
441,0xf22df3cea9b2752c4d90f6e037d310375c6c8fb3
442,0x06c4865ab16c9c760622f19a313a2e637e2e66a2
443,0x985f3d1a953e0e0b0741d811e518d20dcc4317a2
444,0x1750f9f65be225fa3c3914dc77c13d739da8fbee
445,0x9f8ef2849133286860a8216ca11359381706fa4a
446,0xb78a290b75709aaf66eea479263eb7e9c238e536
447,0x14d15f15f1151d82e0aa5f2443b7da68f981424c
448,0x1028e34f2c628e364084c99f37e6260cf9db18d2
449,0x5a81868992ffcf4200a85972c60151690af39006
450,0xa3aba06c78d0a27b1bbfa7476174a97941605047
451,0xbdf4cf8269c3883dd88975e1978a6aa9d3877f2e
452,0xbb9b360a7efb263d998edc62f2bd885405763288
453,0x843aa999827ae6d187f8a5b6ab4afb1b1597551d
454,0xb1101c790731f62bd06cc5e91551fa523a20330d
455,0x152254c00a481e75b392db07538a8a35aa83b971
456,0x7de4ffa6081d4c1109979418343d6efbd2343f88
457,0x708621fea6a3e127f775886f4fcc5a7edc6cc736
458,0x6a0dd820a830153c6a7243f3147be832deb4f3d7
459,0x732052b8d446acdb4e43282ec39c1a385c811b02
460,0x290aa5081d6298c181949946893876a1b76bf144
461,0x0ad59c344359fdf8472e7ffbf4eb6af4751138da
462,0xffb6d3c42b07c17ed0b6be1136d2ebc599b2562e
463,0x315e1a5c796b734585c27e615b774441372fbd08
464,0x6b0ab64ba82dab64130fcd7dc1e2f803f7aef730
465,0x01f7942fef6439d87b017661e786c517e8287deb
466,0x9633d229b711dcbf06cdd8739238765e0f3135b0
467,0xb4522eb2ca49963de9c3dc69023cbe6d53489c98
468,0xb4caa764e2bf087f1a7a0cec43250892022787d9
469,0x3aa6605d87f611e43ad0a64740d6bef9b80fcd2c
470,0xa38f82506c3ab79816d625ad286574133fc6f4e9
471,0xbd1293983cbdc189f986bafda8cbf9f37fb30e2c
472,0xe798c458d45bdf6a35baa06f41db9682a59631d0
473,0xe1ab85e458ebea43c5302ce84f5a89cb22fe351a
474,0xd48a9bd19d0b9dc2183be55cd743d8758f781a45
475,0x1b1dec1f6764df3b94fe991d206abde03b1dba9a
476,0x4f5695d12c30eae448c5f38023b12572e483453c
477,0x481787bba8c56f801db8bdb336844b771c011246
478,0x8f73be66ca8c79382f72139be03746343bf5faa0
479,0x315262bb380255baca17460efcaa4c194e696127
480,0x10dbc99c90234e4447f0366e8368d688f622475a
481,0xf95d8a9cf9ed7a651e35405736cb5bbbc2048cf6
482,0x3a06bdcad90aebee845b08f28b3995e9b5373a2d
483,0x299e6717bda29b742bceb3eb3ac36eba9ad9ab31
484,0x6e44c0efeca886b546bc2aa85118094b83b87297
485,0xb88c11865c9db986c511a1e3467d7667dbd0965a
486,0x89c1151ca988ca5372b569a30d24964a94ad05fd
487,0x28522ed1adc427d2b71c645644300a414afa7b1f
488,0xaf798d139045d88c5584027bd3c24a7efa3d51a8
489,0x1e8cbbbfb827785ecc23dd0426a8907c7cdcca3a
490,0xb0987ca0d0cad19de9b5a1b0e7761a249254472f
491,0x2d3adfc6a9d2d2fd7aef078bd2002822fe06744d
492,0x1dbd54599a449220bdd5e3540861ce670ea9ec36
493,0x74bf9ba8f4b692bb0d3e06bf19b74b307331eb10
494,0xaa4f712a9fc4f0de69d43e565b2d629815308d21
495,0x32ae635f5136adb181a442cc890be39263bc13c8
496,0x5a20d2477401d87df1884506d49f9d21316d0bb9
497,0xbb5dc18d406a888228730d74aec610d93f9473bf
498,0x4095f2b8dc6a18ce295699b0ab6ca16980881e48
499,0xffd2df7ba9a04672933748dc86ce71f131ff4d50
500,0xd39ea6043d1fa03f5be2beb2cfe65faa4ef0e595
501,0x4a96b3c9997e06ed17ce4948586f87d7d14d8d7e
502,0xbbb2d07823a2e97e84969382233461ac82d1079d
503,0xac0ea85f1c2f0b07e2862ba1cc4da36150a4faab
504,0x24749aedf18208ab74a8110e07e820286bb5acf8
505,0xfdca78134c7ee4bc24df00691bb1f34e494a04f0
506,0xd4ef1aa497a13118d3874b65472d3f7f613f0fc9
507,0x71e2fb38c2b9040d0014a629662b3c2b35f10d9a
508,0x839375339b030c4a8a2f8bcedd85c308d898307a
509,0x15a3fe29f4dfe4385fa37fbba6e4bf032e679d2f
510,0x0dd6badf54bd49a0b39bca11b395f3dd973b6ddb
511,0xceff98a045a3732f3e26247a29ba5e7d52fe84b2
512,0x38430336153468dcf36af5cea7d6bc472425633a
513,0x59070f02fa3693bb7af1a41e80cc0ae3f1509e4b
514,0x175d7ac3844ac969c1d17431e59ff057ad17ee3b
515,0xdac7a91516112703448b5d1fbc8b679fce838e8a
516,0xb0e424ce85679e518940d7c54e94325541d11464
517,0x1ccde298d9ea5621b7072cac8196db222164aa50
518,0xe892ff52b7c99fae2f88ae2e591013905832bd9c
519,0x11ebee2bf244325b5559f0f583722d35659ddce8
520,0x99dd1c3ed572d8e98e709c552d598c730f977eda
521,0xf4f342ffb2122ec36ddc77ff5825ff8f430991a4
522,0x7ee4cf136bff5588d1fe73e711fdccc7656a855b
523,0xda79352f3ee0d726288eaf7a73db0504f349e661
524,0x32ffc2374fa900fde59d7b7388bb4a9a9dbe6123
525,0xf2e8f75eaa752f7c64f1f8a9a5a77517243db990
526,0xd83901bd980ea6271af6d0061adf931b00e156d8
527,0x60a1b6ee4ff13ea1a5c9ed595218e1d1f11c84bf
528,0x339a9d7d7000f31af102a885089d3de936a4a8a4
529,0xf96e5ac5735fbc9495b5d7894a7c74946223c80c
530,0xc8dc6da781097a2be9854f69faed10e087da8ad3
531,0xf4844a06d4f995c4c03195afcb5aa59dcbb5b4fc
532,0x8c5ee5afe1e3ce261e312fc0edc2a4b6f0f49338
533,0x29825fb8a960c37c52e5464c8053494fe76ce63d
534,0x9664a169e41d19f858ac5bf0699934ec3be29042
535,0xc5521e9f47c05e82e8b9c8ed770434582cf993ab
536,0xc7748db7338cc106aeb041b59965d0101eda8636
537,0x4fae20f01456f2e96bd3fa4b77596c8e3769241d
538,0x082b9b776e5d0b1771594676d12619f479b0a69c
539,0xdc52350858b60853d93390ab38dee3ce7e147fa7
540,0xe093ea5f7765a822309a92a5c2123f78dd9fcd0c
541,0xde055950ccaaf115c8d76b33e6503ee403875ccb
542,0xd80d57e2d1cbf09b14626ec3974f12c1952917c8
543,0x449833c57904f9d88cd3c26932060a329b93fe94
544,0x902fc38af709401a7cf604b333bbcde86499528f
545,0xa76bb9d0b8b5d40157ae65333e7fd3c97fd8ad8a
546,0x719a86ad885bbca26a374e3f230b933f2289aa9d
547,0xc0ac29c2a76a7e2c5c5b3281fc157f1f1e45b15d
548,0x3585c5691d442442685623f071e0fcc9f5ae1e8e
549,0xd0b74bae747a7756644b1f453577449055693a6c
550,0x31331ec182777b3e3cf127f4709a8aaa8f76e549
551,0x434a88af3a9c42a5bccea731b324c5cb591c2d17
552,0x7a93750afdfcc232050c8a5a8e26e29f2f3d0840
553,0xdaac69192b95d7740b4d2ae79f83da1873da419b
554,0x942fec89e62c34ecfb26694654bec567fbdf68b5
555,0xad928e545cf5598802b3c601e04b0cfe6bf6351c
556,0xe3324cbacdc2dac1aeec60e70c831591e43da70c
557,0x05d987577901933e6e6e11ddc8c3b3592addffc8
558,0xd02bc878d8e7cdf5145cdafd2cac2bcabf2943fc
559,0x17a6b7fc4d460a9533b38d4e91955702e6323998
560,0xdb1ed00ebd95e74399f508b75203b3703eddac8a
561,0x98373ace9949c64dc6764923eb2de8af2ccacebb
562,0x8298a996a00835eedcc75763038b731fe617fd0d
563,0x2400b380d4d9b23ed327561769165385f65a8319
564,0xf6dde84e514d3642fa8b111ead8321dbdf3bcbbe
565,0x3ce8ce4a5ee7d6ef768df4ad35bf245e0d0314db
566,0x42747b6f7831e1ae9fa5dd83f3bfa067238eed2c
567,0xa3d4da2c3d6da86ba95d6649789d5b3a41e0d66f
568,0x0f8361ef329b43fa48ac66a7cd8f619c517274f1
569,0xfd8295ee3cc3d7796fed3dc3e815d61e1593ee14
570,0xb73b9a1c21106802a57e1e0fcd6acfda0c8a213a
571,0x575e3fa1608ec75e20d91b383f15186d1228fe98
572,0x1ef1e5749f3aaf4ae5275e98fb640bc5536fc09f
573,0x2594bcad3314cac904a79d2a607276910f2b3893
574,0x541ffd67537185cb4abc2b028795c2bf4ac6c45f
575,0x307f1246d7816c57b954b678e425a81f761b2edc
576,0xed16b62f1826cbdc95cb200196c7cde0403a0f4b
577,0x3949d837066edd561c614edb1193667e8acf8e1d
578,0xbeb910ae193dc54411747ac236e67d221ff3f1d7
579,0x2245be89fc8fab94ed982e859aa3212a4e4eb7e5
580,0xd469ce76ca266dc2b84b2782a1879e6e0743492d
581,0x4faa92fa62777854602897724efc8fc004b533e3
582,0xa8293dd8eb52564a35b8357a539146321b934153
583,0xc2a0ce155c890b630160e75b6ba65de217a2fef2
584,0x0000000000000000000000000000000000000000
585,0x977c827a997e6cb67e70daeaa7145b17d0cb8bda
586,0x9fac7831b53a7a1739f3aff56ec4756cd9a8255a
587,0x639e482f52d9f8655e2fd4b3b2244c5ca6eba81c
588,0x4d246e41d7131ff60cd533c13bd2aafce7ab1265
589,0xe636c37c8161d1097090534e294cabae78dcdca3
590,0xa94fed541bdc4c82a02db3c926dfcc85d63d526c
591,0x3be70936fcf9d3ecaad5fb41d24613d33efe3d2a
592,0x24256ba5d35cd901ab024426d04bcfce8bf1f761
593,0x75e4c0ffb05c07798e22605b607e2c8717a1e885
594,0xf9e1d1e9f22c96752356adfd377231528c7e851e
595,0xa71cabc14966c6fae86c05630a20ba1c90944a1f
596,0xb951914430524346aa9400deab7f2a36cfea098d
597,0x86260912fff381d097d8e84463d9a9cf98ba685f
598,0x668540812466219a4cf9ef22151bb7e513010f17
599,0x432fcd67815d5cc72808a7815a02373fdee7d740
600,0x83fc8434cbe8d385870e68be283f053de30a4be4
601,0x3265ce8629d108a1781e87c7a86e5c43b626368f
602,0xea37114a9cfa314d3b7deb164c7d34dcd26e3bbc
603,0x81c3fdb2270d4f3619c4c4fd18f16c1d5d319020
604,0x90ff89c637fd1537e151b8ced1d1d0cb94e31ca6
605,0xd5ad627a83c374119ba0d4cda6ccf5fb023b6fb3
606,0x952c23f8f067a5e7e165ff0e42491f51d87dbc95
607,0x2cd68ff4e20f1ba5799748061a6909c8ebae9978
608,0x381a17eb78501498fa183c81648b4165826e1af7
609,0xa9b7f513deca109d2271dff29aedd08934d5a84f
610,0x60a9506f9c8fbf19f3cc33495da0411e0a3e4a95
611,0x58bec1462e6fc1b3d25f3a5ced150e40aaa72ec5
612,0x0e0864e0fead51eed69973902956b1b8d50f46a1
613,0x697ccd97c8419ebba7347cef03a0cd02804ebf54
614,0x8bcf9320497028119da1c99525d19a9f0d86f92a
615,0x5acfbbf0aa370f232e341bc0b1a40e996c960e07
616,0x32e4efc207af388109c0474eae87cddc54fe7ad2
617,0x177821cbe97b3eb0a20de1fd534bc7160cbcd76e
618,0xd267a858b237e77fa707edd8c7365c5061c8914b
619,0xa2e7002e0ffc42e4228292d67c13a81fdd191870
620,0x0d0bd6469be80d57893cf1b21434936dfaa35319
621,0xc32b7438b3df7844c9ee799930a2224fe6e26426
622,0xfbdc0e9522c9d8d40438d2c247bfa43dd5915864
623,0x05f3c3840160ed96722d2ae790ccf369d357363e
624,0x4d3877abc39d131a39ce21dd0675ad3c1e3f3f32
625,0xdc9c5e34959ec3643af1e1d34a83d6b251aab1ef
626,0x86e6034c0eb6ec8d323c709c345b36219f3d3261
627,0xc4d533f1ed30b5f3733f70164328cb7e060d4560
628,0x46c1794df805bfb5761726c60a8148158dab87e2
629,0xe3e39161d35e9a81edec667a5387bfae85752854
630,0x26d82ecace3ea30a8f61cec406ad8b8df5c7de2d
631,0x456a4c53b8f6b25c9480d0ed33b8c88d5e2afe90
632,0x06f398ce76acc1fce97b7cab0eb2a96ba9230c9b
633,0x3db180bbf58c42fbc4992f9c13b92ed5e717da1a
634,0xefd52a9e454feb9ad8edca588c7a9703d67cdff7
635,0x24ba9c5488b8ad2121196dec561fdb70b726c498
636,0x7f85cf44e446a4b1aace2a28774e88cd6d4e3441
637,0x0470a46f57515cb7d112acde06f410c3111575b0
638,0xfc6567bb46c0d781997871f442a2351b17b9fbba
639,0xcf2b7c6bc98bfe0d6138a25a3b6162b51f75e05d
640,0xcb7d9cb4c1144db98f3390273bfbc1c0ff69d335
641,0x797bc498edee4357a16a1054db0323cbd04c84c3
642,0x5dcca8e932383d58f30f8d4aef05b44069d17a89
643,0xc79c88386c95130bf7c20a184cb8281ed639fab4
644,0xec24fd2bb4749b198f21155a77d3dc0ceb1e9d04
645,0xdd5770b0f9f17f0228cee1f08903ff6b0cc7a7cd
646,0x8be60fe9f7c8d940d8da9d5ddd0d8e0c15a4288b
647,0x3ecfba75d5a113241ec899888319a9e1e456ee9a
648,0x7652bb85d2b68eab7a4fa3d3967137ec3bb64700
649,0x9c2fd95e1b8bd9be5612700b0b29c893fea417e1
650,0x672c3b982325be86e221fe5d0eb5391ffa9cc8fc
651,0x3e6f687d38fb05b7a3ecfa9e2e225ddbb015568a
652,0xc9699996d5201ace61b3a25f2fa547e2f12bdaee
653,0xe925445ec68d6a9ce15567e1f769fd481ce9bae1
654,0x0458b911a4dbc6dffc727980eebca13afd7ba597
655,0x40325d6186d1dcc2ba1c7ae0de8cb55fb2a8945f
656,0x664d448a984dae1e829bf71e837facd7b657ee10
657,0x41e260e8f07615418968c5fc7d10e277cf7eab56
658,0x61561c384ea2da5826b9517102fe7501139bfdf4
659,0x9c8cb6406c3943c4f29998ee24e1e0da9c1cf32e
660,0x1d8e302e451b6698f000809dcb7f51ae4b708936
661,0x9947a1c54cd439037f169c9ee165af3b9c184752
662,0x867319162659ac593b2f2cf97a970eb7a55d87e9
663,0xeabf7dec6253f3ddbcb70a93fa9a5d6470f6cf74
664,0x8cb1f920e437791a97443cc81b62476120d30e40
665,0x76e059c6ff6bf9fffd5f33afdf4ab2fd511c9df4
666,0x910c60c049d833a7fd2f5bda310bbea1c5fa3598
667,0xae7853a2ab2d63e2d9804a4dd848a4c7f035ebff
668,0xab7b49bacd43bd4cfa41433d477f690bb9e1fb26
669,0x88bd639d6b029596b029c61490f29f57b0bf4a3f
670,0xe93435ee38825f2698ec7cdcd6329701b9c025e8
671,0x34187a8d18197f8c04a9de76ad56575273fc7451
672,0x971bbbf3d2aed41756aa7e67a04116c3d98ffcf4
673,0xe3b9878690b92166cf4ab71e6935bb4ecb1ee83a
674,0x14df63191d6da0d3d8c3acff86a844144c851a56
675,0x01974549c9b9a30d47c548a16b120b1caa7b586c
676,0x3aef315b67c2e23aae9e9c1174d05371e2c9b144
677,0x0614e07756390441cb246c886917487840e74f7d
678,0x626125d30a86d3b069dcc3a72c81e4174a4eaf90
679,0xa64e4dcb1ed06a9658ec85bb5bf66d6defdd6982
680,0x255749ce8ab1dd14c09787e7405a15ff17c24459
681,0x93f3f612a525a59523e91cc5552f718df9fc0746
682,0xfcba0693fc16dcb2a4e8fa7ed3da31f5296993e4
683,0xcea3b38ba474a92202611547615b749212f50967
684,0x1e729218a0af5e3d4cd258dba55249373c09c3cc
685,0xef80c44d996ebac95aa62589986fb3fcdfe3f7d9
686,0x091c9d05efc035103bca58c8b1436cba7031c96e
687,0x7399b0f778ab2387d934884878ca03ec13072f2c
688,0x9f3c061270c4492bc65bf976762742a861e6236a
689,0x67eb0b7bbe5eec90b5c3d230954866b529116f68
690,0x1724ab964c750f4ba543970ad652961535d48d85
691,0x5f199741f6a1c7430e16d05550aa0f1c80cb4abf
692,0x2669a7565899ab4bd7b7642aa2725e751de6035c
693,0x6f765cb0b942503ac63617be7f11b1fe704b7ec9
694,0x34ff77a853a14579d2120ac08c5e342cee08ad71
695,0xd157eab867147f5adf670d456d6bd47062313a9d
696,0x7c99b6d2ce7f55501c77e432a6e1a16ae88104a4
697,0xc8cd685b8e42bd6689bb397f24e84a6cc7f2680d
698,0x7b62d6585f0666f5cfcbea5e09baa99133478a96
699,0x7b0b35b416631f05f321fe74990817dca81cabde
700,0xd83256a8bb182e7be2382550ed24861c71108d35
701,0x4f95ad114fbddf8df0756017e9bc856e730b2796
702,0x8d452c1f4bae385b13933c83ecff70d74229915f
703,0x88c69e649630b7587fbd87e6d03bcb81ce65c8cd
704,0x1778cb9fd8d489c740568a9bf16004d948d9b6bf
705,0x83d2e472495f408bd0bc85702f4be5ef1acaee80
706,0x7c3d434d79dddac3174ce0819f55ed82e0276147
707,0x323d2b0b45a8de7eb5b56ca25e769e28a7899bcb
708,0x854e5258494456858147dff41d315e1a1ad4701a
709,0x8ed36ef9f066117203d1bb199d4d41fa2565e3e9
710,0xbd4f5fbc6a2930d8d123c8519513d5ead9dc6d5b
711,0x2d1b2ed2da46974f1091459134f01e955399fa49
712,0x366e58737164430af4aed2856840be9bb148bdc7
713,0x54cf1c30105cba99668049b1f46f28852d0202b6
714,0x80eed7fb9981ed428ad798b7f4d6a143909787aa
715,0x7ebae76523495f0473ea934f75563cd3ba7a8850
716,0x5e4b293c7fda80b545561ec599bd7de5208901fe
717,0x52e439103f14a0550223dc659076f24b8f9794e5
718,0x374cb27a8753520bb153906a0a34cc823cea3c3e
719,0x63ddb0d7750aa11251330fea651e2a7fa1db53df
720,0xb05e133ddb7eef66bc9c1487982e75121cb844f5
721,0xdceb0bb3311342e3ce9e49f57affce9deac40ba1
722,0x2ab3d2e7c32b544b9e77d339d568a91ea1a2885d
723,0x9e309c439c118804d9c2cf5eac4dfc62cc6f95c2
724,0x42e16d14fc868a945e15a5b8751069312cb55087
725,0x98d78e1709657f502520fcd2cf9665b15d95631c
726,0x119460ecc4c538a02307e5d4f687bb83eddc5cf9
727,0x49e53fb3d5bf1532febad88a1979e33a94844d1d
728,0x714b831eb02fe854283219b2b9f1c6951f46dcb9
729,0x5bbc6bef58ed9353a87a3121ed508fc50b8bd3b8
730,0x8e39060218bfd0463c4893949be0a19c8bd90daf
731,0xb7c74d5998c62033ee94c7d4710f553bcac3ab0c
732,0xc93e07f49a92ff4057a682386edff49137a5e3c8
733,0xd64bf0dbb62f381d59ca98fabbe6d9454329000d
734,0x71a1df0d820d29c784c04865904492ac38801a04
735,0x8bc8b4e4921101bcc56ec084b906069b73de7276
736,0x32ca3698bc7707102a7e0da52a383f1c881d80d7
737,0xad2ff20a49f9eec8529fa31c8d9ec66e4949a808
738,0xed9e28f92a8cc276aaafbbc0eda23ec561b094d4
739,0xc013122ef9df0e92c7654878908c47f63a77c247
740,0x3a409eff50a47aeef294e3f0bb3874490dd99abc
741,0x9f981188b0b4cbdb62a6a62d9bf04171a932851e
742,0xd66081526b3b447f9a1e63e6b2263f2fdfc9a765
743,0x585fdb545362bfe550300d851d049244c21fc3d6
744,0x5853ed4f26a3fcea565b3fbc698bb19cdf6deb85
745,0xe2dcfb3621fd1970b4289f1f8251c6d1efb9d0af
746,0x80a00ef07c5889be2c5f6e05a951ee9adb6940c0
747,0xdb099e06e52c611a702840ca986f75662a8bca60
748,0xa0869d9fd81553375eb04921f420a3684b0a9c31
749,0xa8c4e3ce1743d0f2a6c227548c982a7c40569940
750,0xa5cb0648383b871de9d8c8a2f31bb985ec160187
751,0xdec2216fcbf07810d29f25c439ba6214436c4f36
752,0xe0f61822b45bb03cdc581283287941517810d7ba
753,0x83944d85b3eceaee84456c61a4c4ad43768142c0
754,0xed2170462e997b9590f77bf2cd3cd283b877eade
755,0x4311196566b28005e486fe5b0d43b7641fdced25
756,0x5cacae1b51d643cd1bc976cca9b5e05837a6bb35
757,0xe78f896ce38833a6ae75e7bde08508563802a462
758,0x0b7c75a9689a84854256c7d5db7c87feb1bbbb8b
759,0xb4264e181207e2e701f72331e0998c38e04c8512
760,0xa61342a4811c140d802285c39920745c2c7aeb30
761,0x4defa30195094963cfac7285d8d6e6e523c7f90d
762,0xdd85d5af2441b6e41ee52751a00ddf8c75294631
763,0x2e9fdf78216a7939b33ba4f2f687193393e13133
764,0x85dacf923799c1d993666331bfdcd0f50505ef00
765,0xeb7dff2aefa350c2b96509053f3376bc1e4eb887
766,0x6b052bb4f5e54dee68cf96530d67c9b54283ace8
767,0xe56c470a342eedbb2e001e70d1c5765c042eb349
768,0x0a5abc4eef196994abb9cd34fa8fe9229ce53e4f
769,0xa2277f4ae7e6380de426fa334b05d4ceb39f1d47
770,0xab888291f4127352b655fd476f64ac2ebfb8fe76
771,0x77a80028a50a7504604646ee51586a721f52f07c
772,0x51e7b8564f50ec4ad91877e39274bda7e6eb880a
773,0xb8b703a93cbc75e7bcf055db1acaaa2ecb58d23a
774,0x70e983a8303f73cd7af87e91d528b7074dfade6e
775,0xe9a788dacd3de5cf4bee7ec2fb3cd36110825464
776,0x4254c53fc3b3b38df025ea30bcae410e11bb95b6
777,0xe8b55fd62045d51274812e5c3ab803055c0e3eaa
778,0x706d961ab69d54a0fcbaa13e77842279a5724139
779,0x224e69025a2f705c8f31efb6694398f8fd09ac5c
780,0xa2f582d6793b052adb1e2f89fbbcb5aecc8b2f80
781,0x72a255d6e7470a69550d86d5a092904e40aeb20e
782,0xeb40d183faec21ca7abc4af1a5afe59b1e887149
783,0x293fd0ec4973e0eb85f80a0c0016dde3caae8aaa
784,0xba21f872c1f3e1fab239bf0826c694282d7e9950
785,0xc9673c6d77564655421a9b23a3fd2b9606bcec2b
786,0x27f7f98f0a241e7c7882b38bd5b8ccf57cc033bf
787,0x96528c0f8562034cd944534b3d6c27901e2e067c
788,0x241e25c9d15b5e7fb007b5e028c4ce8694893870
789,0xe5c0b2b671928900c1d2bd523a5e380c23a7e884
790,0x7846e738f5509a23de53820fea3031ebe4def351
791,0x469adaf766fb35f1a3c2569fe8c57a50f4b39131
792,0xb78942224337f0dd43aaf570bac067d431f5f059
793,0xb7911c63824bd5cf0d3263466b94f0f8efdc5312
794,0xe729986a4b0aec7f13321c9376f1b6c7ac4f8585
795,0x55521edd8dd97d597ca5e6a2590e29eea205a8a8
796,0xc25fef376784e9bcad3e1472575c1e10079c56d1
797,0x8fa3232ff0a45de66f1810096189a0f6f4ea8724
798,0xd314cb3388d80236ac7111be118f86d8558de8b5
799,0xcba1a275e2d858ecffaf7a87f606f74b719a8a93
800,0x4e8063b2bff2b4df82dd0d0867292687cdac1a0f
801,0xbf62319147a6fb8dcb9bd907b890195be6929222
802,0x6a9065271055e710116209c8032d2e18e42535a7
803,0x86d14f191f5ad939568fb001c06fd7a933a42fc8
804,0x17a3a975c967c70a5fa5c2479cd24a3033f03717
805,0x94770827e8897417a2bbaf072c71c12f5a003278
806,0x234415043b1fff486e8315a14f4bcd4af1e7513c
807,0x30bf85e1d0bc7fdedcbeeff39225d8037cb0cb7c
808,0x6dd32b9379ae0c61ffe21eedac2b1faed53d746c
809,0x70c6106d59d3c47bc42e494ebd52298d176913ae
810,0x13dda63c28bb95fe9822fea43ad5feaa966636a9
811,0xd7b26011e6eb5857a6251da1f77e9f3d8aac4489
812,0xce6364c714bfdf453f01b0a5e6eba500392976ff
813,0x889cb44823b35fc53dfc3a8b58a825beb6a737b5
814,0x73084e4338a64d73180d039fae40a0e92b105f35
815,0x382cab376440f92d4943f8b47dd45645cf98be0c
816,0xf4ce1da492110616024d401f8c659ff395851726
817,0xf81d02a2797afd51c71225b07076f87b29bca025
818,0x9325564ade7683706107685cf1993678b1163261
819,0x2654ddf31e5d8dda52fe8c1d759be186d316d8a6
820,0x91d618ef64aa1c08a6f11c6ac3155619354712fa
821,0x06d13d1562eb9da28c59e86e9bfc2a87d13afb01
822,0x747e109b9ba062839c1cbb7608d420b03111ecd3
823,0x84e448041967604487780aa02273a97b6b26d77e
824,0x3b59e42d9f33906ff58813f9bb8be58b185d22f2
825,0x60bb17be832944e648c979ab76f40902db27d7df
826,0x16480f90ff4d3f1bee9c6d00aa145a1706ade036
827,0xe95ab07a55e8489fe8e81e3281c8b3fd95c7d8af
828,0x484adfda2b22b76109087bfffcb1d120f8e045a9
829,0x64b857f38efe672d8938a1022248e7ce94445255
830,0x1831570e2145ce1048eb566edb9612ec867aa736
831,0x8896e3f5fc50191c5c74d209030acc3acc0fa49e
832,0xa7126f204c3dc45ef9f920c72e70c9e5474e6434
833,0x1fc550e98ad3021e32c47a84019f77a0792c60b7
834,0xbc5eea869e6a7a30aa41b3b83111aedf23846e33
835,0x2239ff85f256b0ad09502e6b757ad4c0a747a899
836,0xdf43664aec3b994e1dd159ec59d45ba87927255b
837,0x971740ed368934875f1890898d5ffc10ea99fa43
838,0x6a62a664974939513f165703e76ab8e16ac8eb17
839,0x59068bdaa75edfd06c19f966aa27c61b2099d1ec
840,0xd454d4e1bbd0593264ef9abc7c687a1a0ab4fc15
841,0x26463f18fa1f6d850542b13376edc152ca8e970d
842,0x26b7929ce02124e8ff4aa380da99f92abc45f167
843,0xa8b352389a1935e96880f28a7ba6ec0cfd907a6b
844,0x1121b89a899247de6c69cb3110a69d066a41ea63
845,0xa8ea179454f50083cfe79911dbb3b3e91f047979
846,0x2ca4ad605ca875e2725356e53b43071c1e857cdc
847,0x2ea5e9e452f85f55be47504153f25740a5f3d78a
848,0xa2f31cc4b77c45d58c0068e9a6ae51733dd80b49
849,0x16562e41112bf3f574a82cf17ad04ef3afdcd1de
850,0xa186fa35ccde3b23c8a0582363010e2e07f2fc22
851,0x459f9c4fe60c6100e65ecd639ba2b3f5b611418a
852,0x37179dff48bc792497dafb2cd575f82333801278
853,0xb8cd5923082abc01b63ce04b8b5661d3ebdddb98
854,0x44250e31407e99e635ce7e93682def938428dbc3
855,0x2416cf24497e42143baf2345d02899bfec67a707
856,0x46885051db042ed7640de655e286c37bc102d197
857,0x34868ed83815aaa53cd1f85032beaee678a9e8de
858,0x27b0fc6c4a5a0cf213a570097279a5bde61214d2
859,0xc1909c324002d5304b23bfa4d43f82dca7235774
860,0x2c23f12195077bee4ac4f7d598af30904a5fbf91
861,0x53ed60d90baaa52e8032dbc81f4fffef2ae2fa7c
862,0xc2eb03292b42350e808cf859728017eb3a1945e6
863,0xe993747883a21c20ea32e5b080eb6cf4401dffe5
864,0xa7ae530d3cf06b8245bb38d865a94f3c82d3d041
865,0xbcc2689ce8a8abb5724cf1852b7ecd5c76cf806c
866,0x1d4fc5a249b0702468ca520f33b34f92f2fd25d4
867,0xbae9a27e71e071898f00b2e6399b253f497e8c05
868,0xadbb2bdb90624935168f72323bee78b6250f0230
869,0x5ca9568930f61ba40d90f4d1707a93ab78db6325
870,0x5ca54def2e421d51464d4bf5ba1f456416d41a0f
871,0x445479d811d37c04301c0c5d26ea4f48970ccf2a
872,0x5e745aace240dffa2358c2b47f3eff4a3a85e12b
873,0x238926025e84475e3182774df480021470f8f978
874,0x7d4053510c0e2ce0f127cf890fdb84f1a36cdc6d
875,0x880c4f74c3d4c39d75f8e2ad958f40671416bf66
876,0x0d3b8744600da2e200d2a46f676fd5a29b7bd1bc
877,0x499a7fcf0d72d8d16c4df3df62dfdf07c09f6802
878,0xd69bb3402f7fb5ee221c72424c415d337fb8942e
879,0xb22780440f54e92efa791731b46e4ed9820cdf19
880,0xf5f7ded3ee675f456fdc25c7c6f15922bf57282b
881,0x2130fd01026867a6c8dde24ad5e64f2e2dfce196
882,0x02fe842b7a312301ef02e4a82352f9a97a813dfb
883,0xc4313fcdcc95e1352c8e9892eacc43f3c0302241
884,0x966aceda1a0653856dd91322d108f66ee90c4875
885,0x4ab32d5bf6ec67d7748d9f24394b527c1f917154
886,0x06aa5e77cf3bec21129ddbf29b531ed742a4109c
887,0x81ba93b26bce8ca5d649b6607df15e6d45462d8f
888,0x68241ae9ae36239ca93b1d377fd1142b5713714f
889,0x0f29ea40e325361530e7b4d67eb569f817a263cf
890,0x96e1d9132e9dee088cd79cc664316a16dfe490c6
891,0x478fa4c971a077038b4fc5c172c3af5552224ccc
892,0xdbaabc182e5fcebf216c353a3ebe32cdb7390094
893,0x8eef779818afa953b0652e45438423ebe089f55a
894,0xd543a0be0684f0556786586b83f4c9fd16a4dc35
895,0xa5c3a513645a9a00cb561fed40438e9dfe0d6a69
896,0x8fb9afdcc074599d86327b731f47ffa5375823a9
897,0x5f4ef5c539a56291665fcca4e6b7a6446ad11cc1
898,0x4f459dc2a1dac3cfb64dc5dceba6ab02d8e1fc1c
899,0xbbe1c829931a20b180926c7781b9ecb6a4c91220
900,0x7692a4436f8252f34258c2bfa846ec5e840d5e55
901,0x7ff4f8fe1dbbba8dc27103359bf96e97a4d44114
902,0xfb1d7f6c700a053683f80447b387a891d5f76aac
903,0x0aa5973f2614dccfbe53c8273da22502d7e4fbd5
904,0x7b21067951501c8a6d01435d7c77fa890a91ffb5
905,0x25c84928c5cf3971a4ceadf26f1808a3e11cf374
906,0x20f605cb19116916905b528dea5ee9747da92965
907,0xbe13517a2b520b2449068d2ec45280992b04047b
908,0xf533e321d99a8a47580546966d0b4ee451ab2833
909,0xe8c0fe3699db673486c391a4eefa5a18c7cfd4d6
910,0xa0a0e4c41eac834d12f83120e298cd24fd6de1aa
911,0x8504a09352555ff1acf9c8a8d9fb5fdcc4161cbc
912,0x18f0c6a5c1f6f27a09f2a78c55614512e60e5133
913,0x83940789ecf1123ecda5259d180ff4c7637c736c
914,0x69511222101d928c30620c59b32ff5a30c74ebcf
915,0xcb36bbbeb8ea1900472bbd35032c3f0000ccdf2f
916,0xbf37a2f4f1eafe152e8336465cfaad1fda44b588
917,0xa0c35b4ccf7c53ba44b3784fdb7e2c5528cf306f
918,0x8a00e8358ae8ebfe1cec2f7dcaa1b4eef774b10b
919,0x210028afce3da801d781c4f6d616cf3b30c85fa7
920,0xb3e1b74963301d2ebd72eceae539007c3aff3424
921,0x9a3bef5598b4298188f9e286ec1a87ea6773fe18
922,0x94ca0f69a3e9ddffe090e59bac5186dde97b5820
923,0x669615f804d4c0ff8a9ed035108254129534cd19
924,0x1ba1ff69f03d38af7ef40e3afdc53ad073eb4642
925,0x1775cc97e5c05fde8b571ef75ca52d0a9ff19025
926,0xc00faaed03a511723e9a1c1b5d5a1f6b6e30f3cb
927,0x71f12a5b0e60d2ff8a87fd34e7dcff3c10c914b0
928,0xccb23a9bbae99909b1102549f9a96c2b137a60ec
929,0x4ffb72b66eba24521736924f87dfe10677d82286
930,0xa6c6dbff3e7a00d1725898ff80cc086c417d09db
931,0xe69619a71cdd7696b34c52a5c1709c8a811faab8
932,0x722d80b8f0640f625dfd668b6dd8175b2f22e8ab
933,0x4127b2d364a8b1a10afda5d63c95253ce336c09b
934,0xaed456b78dd0a9c248a9d0b31502188d004c91a4
935,0x1afe8a03214bf47300c2b3b7918ffda98fb359c8
936,0xde49601c8597f06b62bcd7e24144f6ebce3476f4
937,0x2a03278590cd1962de28f9abc855cf3774fe3eb6
938,0x35b96495949ef30161abf9f1859fc14b599be67c
939,0x8d4fcf8170a20ccc91fab546ee57bd01c930e608
940,0x732a9101af9159d05f4c8ce44dc84a0ce60113e6
941,0x6ada6454cd458e230c26e8cba2ba18b0b41f041f
942,0x8d26c9dac7e16738752fa1446b956a97c63e2f39
943,0x8b65ff74d2f1d9b31d647c7719895e50deeeda69
944,0x6fce63859a859a0f30ed09b12f5010d790618ca4
945,0xdb4084237cc26f849a067e30bec92eef939d7378
946,0xcafa92cf95c281f8906987d293eff535600fe73c
947,0xe3b72489968f11c15282514f33df24634440393f
948,0x1e7d1ad7fe2372ef64bd4238d47891f675c75425
949,0xfa204a1b8d4d8da5577c1eacac9b7e5f3e896c70
950,0x66300889afb808626498c28e3811bb9b06a014ad
951,0xf18da2faba96793f02264d1a047790002f32010f
952,0x51bd4c735927f958a90db80398826ff47a9832f1
953,0xec561dd73346f761d1c09f46999bc8ea1b1e95a2
954,0x80a20347b912dc538639112754320c016812a554
955,0x657a38e6994cb578351376dcdb077330d00665d6
956,0x77619c02dd779619a506b167e997ac092f83057a
957,0xdc4a04c3a9e4f3d6674e3ea292d946a8185abed9
958,0x48b0320c7e9fc671841a713156da73df75765c66
959,0x75be7f29f8241f1bac65a6c5aa5ac4ba9365ba11
960,0x471a7853ba0b93b2b4103bfba334c1d1ec9dd6b7
961,0xb72ed8401892466ea8af528c1af1d0524bc5e105
962,0x070330e027a3e4327ba69f0c8a1885df4b545837
963,0x9a5cdc551713f81849367f65446a054c7c02079b
964,0xccc2c0dabe43fb6540c8edf0e9e8091b25e4e8d6
965,0xc02427f0b937f9905c47ddcc661374e0a49c8f03
966,0x1014e2ed54b3c70f45e0f733f80b4c1569caa160
967,0x0359f194b3b801a1cce464eb8367a5a7b796a69d
968,0x323bfe9f384e88111e83f37ed7a854d0cc5f99d7
